{
  "spec/features/comments/debates_spec.rb": 43.852248191833496,
  "spec/features/admin/comments_spec.rb": 3.2653465270996094,
  "spec/features/notifications_spec.rb": 9.45138669013977,
  "spec/features/moderation/debates_spec.rb": 4.286102771759033,
  "spec/features/proposal_notifications_spec.rb": 2.2483606338500977,
  "spec/features/admin/managers_spec.rb": 1.0073521137237549,
  "spec/features/verification/letter_spec.rb": 1.1234164237976074,
  "spec/controllers/debates_controller_spec.rb": 0.3064711093902588,
  "spec/features/admin/tags_spec.rb": 0.7635221481323242,
  "spec/models/proposal_notification_spec.rb": 0.1656966209411621,
  "spec/models/lock_spec.rb": 0.06421566009521484,
  "spec/features/verification/verification_path_spec.rb": 0.8641879558563232,
  "spec/helpers/verification_helper_spec.rb": 0.0009334087371826172,
  "spec/lib/wysiwyg_sanitizer_spec.rb": 0.0016679763793945312,
  "spec/features/moderation_spec.rb": 0.9725337028503418,
  "spec/models/custom/residence_spec.rb": 0.04505109786987305,
  "spec/models/flag_spec.rb": 0.4738166332244873,
  "spec/models/user_spec.rb": 1.2462654113769531,
  "spec/lib/census_api_spec.rb": 0.0018548965454101562,
  "spec/features/admin/verifications_spec.rb": 0.45497608184814453,
  "spec/features/user_invites_spec.rb": 0.39856600761413574,
  "spec/models/verification/management/document_spec.rb": 0.004496574401855469,
  "spec/features/registration_form_spec.rb": 1.7188951969146729,
  "spec/features/admin/activity_spec.rb": 6.147962331771851,
  "spec/models/abilities/valuator_spec.rb": 0.046463966369628906,
  "spec/i18n_spec.rb": 30.597846746444702,
  "spec/features/valuation_spec.rb": 1.042996883392334,
  "spec/models/activity_spec.rb": 0.782355546951294,
  "spec/features/organizations_spec.rb": 0.28003501892089844,
  "spec/features/admin/banners_spec.rb": 1.9445209503173828,
  "spec/models/abilities/everyone_spec.rb": 0.049875736236572266,
  "spec/mailers/mailer_spec.rb": 0.06509900093078613,
  "spec/models/debate_spec.rb": 3.9605555534362793,
  "spec/models/proposal_spec.rb": 4.784440279006958,
  "spec/features/verification/email_spec.rb": 0.6704919338226318,
  "spec/features/tracks_spec.rb": 1.7770562171936035,
  "spec/models/verification/management/email_spec.rb": 0.0561673641204834,
  "spec/helpers/comments_helper_spec.rb": 0.016670942306518555,
  "spec/helpers/geozones_helper_spec.rb": 0.06465458869934082,
  "spec/controllers/management/sessions_controller_spec.rb": 0.08533048629760742,
  "spec/features/moderation/proposals_spec.rb": 4.288630485534668,
  "spec/features/management/account_spec.rb": 0.5712807178497314,
  "spec/models/spending_proposal_spec.rb": 2.0071728229522705,
  "spec/features/direct_messages_spec.rb": 0.9987547397613525,
  "spec/features/moderation/comments_spec.rb": 6.241415739059448,
  "spec/features/campaigns_spec.rb": 0.8927249908447266,
  "spec/lib/manager_authenticator_spec.rb": 0.0025322437286376953,
  "spec/features/legislation_spec.rb": 2.191556215286255,
  "spec/features/admin/stats_spec.rb": 2.1085193157196045,
  "spec/features/admin/debates_spec.rb": 1.5171210765838623,
  "spec/features/users_auth_spec.rb": 4.1355626583099365,
  "spec/lib/email_digests_spec.rb": 0.400266170501709,
  "spec/models/abilities/administrator_spec.rb": 1.1732556819915771,
  "spec/helpers/votes_helper_spec.rb": 0.2777118682861328,
  "spec/features/account_spec.rb": 1.4441781044006348,
  "spec/models/abilities/moderator_spec.rb": 2.019907236099243,
  "spec/features/debates_spec.rb": 25.164864778518677,
  "spec/helpers/settings_helper_spec.rb": 0.02588510513305664,
  "spec/helpers/users_helper_spec.rb": 0.23566269874572754,
  "spec/features/votes_spec.rb": 10.67936110496521,
  "spec/customization_engine_spec.rb": 1.095015048980713,
  "spec/models/sms_spec.rb": 0.5351457595825195,
  "spec/features/verification/sms_spec.rb": 1.0980372428894043,
  "spec/features/admin/users_spec.rb": 1.0144245624542236,
  "spec/features/proposals_spec.rb": 30.294543743133545,
  "spec/models/abilities/organization_spec.rb": 0.20612406730651855,
  "spec/features/management/email_verifications_spec.rb": 0.23543810844421387,
  "spec/models/comment_spec.rb": 1.2431762218475342,
  "spec/models/organization_spec.rb": 0.10902214050292969,
  "spec/models/direct_message_spec.rb": 0.35870814323425293,
  "spec/features/admin/proposals_spec.rb": 1.399503231048584,
  "spec/features/official_positions_spec.rb": 1.1118731498718262,
  "spec/features/admin/organizations_spec.rb": 2.4959211349487305,
  "spec/features/spending_proposals_spec.rb": 1.6851341724395752,
  "spec/models/abilities/common_spec.rb": 1.3915061950683594,
  "spec/features/sessions_spec.rb": 0.28020191192626953,
  "spec/models/residence_spec.rb": 0.17026162147521973,
  "spec/features/admin/spending_proposals_spec.rb": 12.126295804977417,
  "spec/mailers/devise_mailer_spec.rb": 0.1997089385986328,
  "spec/features/admin/moderators_spec.rb": 1.016049861907959,
  "spec/models/valuator_spec.rb": 0.024393081665039062,
  "spec/controllers/users/registrations_controller_spec.rb": 0.017100095748901367,
  "spec/features/verification/level_two_verification_spec.rb": 0.2688131332397461,
  "spec/lib/tag_sanitizer_spec.rb": 0.00046706199645996094,
  "spec/controllers/concerns/has_orders_spec.rb": 0.07415771484375,
  "spec/models/identity_spec.rb": 0.0018019676208496094,
  "spec/features/management/document_verifications_spec.rb": 0.6179251670837402,
  "spec/features/home_spec.rb": 0.6821637153625488,
  "spec/features/verification/residence_spec.rb": 1.1833138465881348,
  "spec/models/letter_spec.rb": 0.06562185287475586,
  "spec/lib/acts_as_taggable_on_spec.rb": 0.21195077896118164,
  "spec/controllers/concerns/has_filters_spec.rb": 0.0721590518951416,
  "spec/lib/cache_spec.rb": 0.04828310012817383,
  "spec/features/management/managed_users_spec.rb": 0.8909521102905273,
  "spec/helpers/application_helper_spec.rb": 0.0759439468383789,
  "spec/features/admin/officials_spec.rb": 0.6709251403808594,
  "spec/features/moderation/users_spec.rb": 1.3737237453460693,
  "spec/features/management/users_spec.rb": 1.8895370960235596,
  "spec/features/verification/level_three_verification_spec.rb": 1.063535213470459,
  "spec/features/verification/verified_user_spec.rb": 0.5751326084136963,
  "spec/helpers/orders_helper_spec.rb": 0.001024007797241211,
  "spec/models/geozone_spec.rb": 0.002216815948486328,
  "spec/features/management/localization_spec.rb": 0.7720797061920166,
  "spec/features/admin_spec.rb": 0.8672971725463867,
  "spec/features/management/proposals_spec.rb": 3.629145860671997,
  "spec/features/ckeditor_spec.rb": 0.7398920059204102,
  "spec/features/comments/proposals_spec.rb": 14.353801488876343,
  "spec/models/setting_spec.rb": 0.0800323486328125,
  "spec/features/management/spending_proposals_spec.rb": 3.4105215072631836,
  "spec/features/admin/valuators_spec.rb": 0.8299200534820557,
  "spec/features/localization_spec.rb": 0.5851809978485107,
  "spec/features/emails_spec.rb": 8.720940351486206,
  "spec/features/stats_spec.rb": 0.8724491596221924,
  "spec/controllers/management/base_controller_spec.rb": 0.020472049713134766,
  "spec/controllers/pages_controller_spec.rb": 0.1888282299041748,
  "spec/features/tags_spec.rb": 2.2479376792907715,
  "spec/controllers/management/users_controller_spec.rb": 0.0030670166015625,
  "spec/models/vote_spec.rb": 0.3373141288757324,
  "spec/lib/acts_as_paranoid_aliases_spec.rb": 0.2601900100708008,
  "spec/models/ahoy/data_source_spec.rb": 0.05495905876159668,
  "spec/helpers/proposals_helper_spec.rb": 0.18619275093078613,
  "spec/features/valuation/spending_proposals_spec.rb": 6.035760164260864,
  "spec/models/tag_cloud_spec.rb": 1.2021872997283936,
  "spec/features/welcome_spec.rb": 0.8715226650238037,
  "spec/features/admin/feature_flags_spec.rb": 0.39460134506225586,
  "spec/controllers/admin/api/stats_controller_spec.rb": 0.15189814567565918,
  "spec/features/admin/settings_spec.rb": 0.2757229804992676,